{
  "timestamp": "2025-08-20T20:39:04",
  "reference_file": "/home/wan00559/three_agents/KernelBench/level1/10_3D_tensor_matrix_multiplication.py",
  "candidate_file": "/home/wan00559/three_agents/workdir/runs/20250820-202824_batch_10_3D_tensor_matrix_multiplication/10_3D_tensor_matrix_multiplication/kernels/kernel_20250820_203757.py",
  "tolerance": 0.001,
  "max_abs_err": 0.0,
  "mean_abs_err": 0.0,
  "ref_latency_ms": {
    "avg": 3.832800030708313,
    "min": 3.786720037460327,
    "max": 4.086080074310303,
    "all": [
      4.086080074310303,
      4.07696008682251,
      3.956223964691162,
      3.827712059020996,
      3.8256640434265137,
      3.827712059020996,
      3.8010880947113037,
      3.7905280590057373,
      3.7946879863739014,
      3.788383960723877,
      3.7871999740600586,
      3.7885119915008545,
      3.787168025970459,
      3.7889599800109863,
      3.788640022277832,
      3.7891199588775635,
      3.7890241146087646,
      3.786720037460327,
      3.787328004837036,
      3.788288116455078
    ]
  },
  "test_latency_ms": {
    "avg": 48.002881622314455,
    "min": 47.337921142578125,
    "max": 48.98003387451172,
    "all": [
      47.712257385253906,
      47.54227066040039,
      47.337921142578125,
      47.8392333984375,
      47.750526428222656,
      47.531455993652344,
      47.44831848144531,
      47.65407943725586,
      47.84947204589844,
      47.64217758178711,
      47.56294250488281,
      47.633121490478516,
      48.39833450317383,
      48.93267059326172,
      48.98003387451172,
      48.41779327392578,
      48.41641616821289,
      48.2426872253418,
      48.75529479980469,
      48.41062545776367
    ]
  },
  "num_runs": 20,
  "runnable": true,
  "phase": "seed",
  "score": 0.07984520722869709
}